nummer,mand,referentie,omschrijving,medium,formaat,plaats,leverancier,order datum
1,MAND 1,SN-001_L340-B170,PHOTO - ICED EARTH 2012,BACHE,HERAS,SITE,,,
3,MAND 1,SN-003_L340-B170,PHOTO - STAGE 2013,BACHE,HERAS,SITE,,,
5,MAND 1,SN-005_L340-B170,PHOTO - VICIOUS RUMOURS 2013,BACHE,HERAS,SITE,,,
6,MAND 1,SN-006_L340-B170,PHOTO - TESTAMENT 2012,BACHE,HERAS,SITE,,,
7,MAND 1,SN-007_L340-B170,PHOTO - DORO 2013,BACHE,HERAS,SITE,,,
8,MAND 1,SN-008_L340-B170,PHOTO - GUNSLINGER 2010,BACHE,HERAS,SITE,,,
9,MAND 1,SN-009_L340-B170,PHOTO - ANTHRAX 2013,BACHE,HERAS,SITE,,,
10,MAND 4,SN-010_L205-B250,,,,,,,
11,MAND 2,SN-011_L198-B170,,,,,,,
12,MAND 2,SN-012_L198-B170,,,,,,,
13,MAND 1,SN-013_L340-B170,PHOTO - WHERE ANGELS SUFFER 2011,BACHE,HERAS,SITE,,,
14,MAND 1,SN-014_L340-B170,PHOTO - NIGHTWISH 2013,BACHE,HERAS,SITE,,,
15,MAND 1,SN-015_L340-B170,PHOTO - STAGE 2013,BACHE,HERAS,SITE,,,
16,MAND 1,SN-016_L340-B170,PHOTO - UDO 2011,BACHE,HERAS,SITE,,,
18,MAND 1,SN-018_L340-B170,PHOTO - PRETTY MAIDS 2010,BACHE,HERAS,SITE,,,
20,MAND 1,SN-020_L340-B170,PHOTO - DEATH ANGEL 2013,BACHE,HERAS,SITE,,,
23,MAND 1,SN-023_L340-B170,PHOTO,BACHE,HERAS,SITE,,,
24,MAND 1,SN-024_L340-B170,PHOTO - IMMORTAL 2012,BACHE,HERAS,SITE,,,
25,MAND 1,SN-025_L340-B170,PHOTO - DEATH ANGEL,BACHE,HERAS,SITE,,,
26,MAND 1,SN-026_L340-B170,PHOTO - PRIMORDIAL 2012,BACHE,HERAS,SITE,,,
27,MAND 1,SN-027_L340-B170,PHOTO - TWISTED SISTER,BACHE,HERAS,SITE,,,
28,MAND 2,SN-028_L340-B170,PHOTO - SATAN 2013,BACHE,HERAS,SITE,,,
29,MAND 4,SN-029_L600-B205,,,,,,,
30,MAND 1,SN-030_L340-B170,EXIT,BACHE,HERAS,SITE,,,
33,MAND 4,SN-033_L600-B205,,,,,,,
36,MAND 2,SN-036_L340-B170,WELCOME TO AMF - ISLAND,BACHE,HERAS,INGANG,,,
37,MAND 2,SN-037_L340-B170,WELCOME TO AMF - ISLAND,BACHE,HERAS,INGANG,,,
38,MAND 2,SN-038_L340-B170,WELCOME TO AMF - ISLAND,BACHE,HERAS,INGANG,,,
42,MAND 2,SN-042_L340-B170,WELCOME TO AMF - ISLAND,BACHE,HERAS,INGANG,,,
45,MAND 3,SN-045_L280-B180,ENJOY YOUR DAY AT ALCATRAZ,BACHE,,INGANG,,,
46,MAND 4,SN-046_L340-B170,SEE YOU NEXT YEAR,BACHE,HERAS,INGANG,,,
47,MAND 4,SN-047_L275-B250,DRUMMER STAGE,BACHE,,SITE,,,
49,MAND 2,SN-049_L340-B170,OFFICER + PRISON + LOGO (no date),BACHE,HERAS,SITE,,,
52,MAND 1,SN-052_L198-B198,OLD ENTRANCE LEFT,BACHE,,INGANG,,,
53,MAND 1,SN-053_L200-B200,OLD ENTRANCE RIGHT,BACHE,,INGANG,,,
54,MAND 2,SN-054_L198-B170,PHOTO - PRISON INSIDE,BACHE,,SITE,,,
55,MAND 4,SN-055_L205-B250,,,,,,,
61,MAND 1,SN-061_L198-B207,,,,,,,
62,MAND 5,SN-062_L120-B120,,,,,,,
64,MAND 1,SN-064_L207-B205,SPONSOR - DHONDT,BACHE,,SPONSOR,,,
65,MAND 1,SN-065_L207-B205,SPONSOR - KORTRIJK,BACHE,,SPONSOR,,,
66,MAND 1,SN-066_L206-B206,SPONSOR - ROCK TRIBUNE,BACHE,,SPONSOR,,, 
68,MAND 4,SN-068_L350-B200,,,,,,,
69,MAND 1,SN-069_L205-B207,SPONSOR - WEST VLAANDEREN,BACHE,,SPONSOR,,,
70,MAND 2,SN-070_L704-B172,TOILETS - ARROW LEFT,BACHE,,VIP,,,
71,MAND 1,SN-071_L340-B170,PHOTO - NIGHTWISH 2013,BACHE,HERAS,SITE,,,
74,MAND 2,SN-074_L340-B170,OFFICER + PRISON + LOGO (no date),BACHE,HERAS,SITE,,,
75,MAND 1,SN-075_L205-B207,SPONSOR - VIVES,BACHE,,SPONSOR,,,
76,MAND 2,SN-076_L198-B170,PHOTO RESTAURANT,BACHE,,VIP,,,
78,MAND 4,SN-078_L350-B200,,,,,,,
79,MAND 5,SN-079_L120-B120,WC,BACHE,,VIP,,,
80,,SN-080_L220-B120,VIP PRESS,BACHE,,VIP,,,
81,MAND 1,SN-081_L207-B205,SPONSOR -RONDOM,BACHE,,SPONSOR,,,
82,MAND 1,SN-082_L198-B207,,,,,,,
82,MAND 4,SN-082_L205-B200,,,,,,,
83,MAND 1,SN-083_L340-B170,PHOTO - FOZZY 2013,BACHE,HERAS,SITE,,,
84,MAND 4,SN-084_L600-B205,,,,,,,
85,MAND 4,SN-085_L600-B205,,,,,,,
86,MAND 4,SN-086_L350-B200,,,,,,,
88,MAND 4,SN-088_L205-B200,,,,,,,
89,MAND 1,SN-089_L207-B205,,,,,,,
91,MAND 1,SN-091_L206-B206,SPONSOR - HANS VAN HOOF PHOTOGRAPHY,BACHE,,SPONSOR,,,
92,MAND 1,SN-092_L207-B205,SPONSOR - LEDLAB,BACHE,,SPONSOR,,,
93,MAND 1,SN-093_L206-B206,SPONSOR - WEST COAST CHOPPERS,BACHE,,SPONSOR,,,
94,MAND 1,SN-094_L207-B200,,,,,,,
95,MAND 1,SN-095_L205-B205,FOLLOW US - SOCIAL MEDIA ICONS,BACHE,,SITE,,,
96,MAND 1,SN-096_L205-B207,SPONSOR - QUADRIFINISH,BACHE,,SPONSOR,,,
97,MAND 1,SN-097_L205-B207,SPONSOR - STUDIO BRUSSEL,BACHE,,SPONSOR,,,
98,MAND 1,SN-098_L205-B207,PHOTO - DRUMMER ,BACHE,,SITE,,,
99,MAND 1,SN-099_L205-B207,PHOTO - ON STAGE,BACHE,,SITE,,,
104,MAND 1,SN-104_L205-B207,SPONSOR - TVH,BACHE,,SPONSOR,,,
105,MAND 4,SN-105_L205-B206,SPONSOR - ACHT,BACHE,,SPONSOR,,,
106,MAND 1,SN-106_L207-B205,SPONSOR - AMF PARTNERS,BACHE,,SPONSOR,,,
107,MAND 1,SN-107_L205-B207,SPONSOR - TIM TRONCKOE PHOTOGRAPHY,BACHE,,SPONSOR,,,
108,MAND 1,SN-108_L205-B207,SPONSOR - LARGE,BACHE,,SPONSOR,,,
109,MAND 1,SN-109_L207-B205,SPONSOR - ACCENT JOBS,BACHE,,SPONSOR,,,
114,MAND 4,SN-114_L205-B206,SPONSOR - SAFETY JOGGER,BACHE,,SPONSOR,,,
118,MAND 1,SN-118_L205-B207,SPONSOR - VELDA,BACHE,,SPONSOR,,,
119,MAND 4,SN-119_L205-B206,SPONSOR - WEST COAST CHOPPERS,BACHE,,SPONSOR,,,
120,MAND 1,SN-120_L207-B205,SPONSOR - ROCK TRIBUNE,BACHE,,SPONSOR,,,
121,MAND 1,SN-121_L205-B207,SPONSOR - GINO VAN LANCKER PHOTOGRAPHY,BACHE,,SPONSOR,,,
122,MAND 1,SN-122_L205-B207,SPONSOR - SAFETY JOGGER,BACHE,,SPONSOR,,,
150,MAND 2,SN-150_L340-B170,EMERGENCY EXIT - LEFT,BACHE,HERAS,EXIT,,,
161,MAND 2,SN-161_L340-B170,CAMPING - RIGHT,BACHE,HERAS,CAMPING,,,
162,MAND 3,SN-162_L340-B170,CAMPING WARNINGS,BACHE,HERAS,CAMPING,,,
201,MAND 1,SN-201_L1000-B194,BLACK,BACHE,,BLACK,,,
202,MAND 1,SN-202_L340-B170,SPONSOR - VELDA,BACHE,HERAS,SPONSOR,,,
203,MAND 1,SN-203_L340-B170,SPONSOR - INTRO,BACHE,HERAS,SPONSOR,,,
204,MAND 1,SN-204_L340-B170,SPONSOR - JOHAN ALGOET,BACHE,HERAS,SPONSOR,,,
205,MAND 1,SN-205_L340-B170,COINS - 2,5â‚¬,BACHE,HERAS,KASSA,,,
206,MAND 1,SN-206_L392-B194,,,,,,,
207,MAND 1,SN-207_L340-B170,TICKETS / COINS / LOCKERS,BACHE,HERAS,KASSA,,,
208,MAND 1,SN-208_L340-B170,SPONSOR - COCA COLA,BACHE,HERAS,SPONSOR,,,
209,MAND 1,SN-209_L215-B194,,,,,,,
210,MAND 1,SN-210_L340-B170,SPONSOR - ALPHA OMEGA,BACHE,HERAS,SPONSOR,,,
211,MAND 1,SN-211_L990-B167,,,,,,,
212,MAND 1,SN-212_L340-B170,SPONSOR - SAFTI,BACHE,HERAS,SPONSOR,,,
213,MAND 1,SN-213_L340-B170,PRISON GROUND,BACHE,HERAS,SITE,,,
214,MAND 1,SN-214_L200-B205,,,,,,,
215,MAND 1,SN-215_L998-B194,BLACK,BACHE,,BLACK,,,
216,MAND 1,SN-216_L340-B170,SPONSOR - ROCK TRIBUNE,BACHE,HERAS,SPONSOR,,,
217,MAND 1,SN-217_L340-B170,SPONSOR - AAROVA,BACHE,HERAS,SPONSOR,,,
218,MAND 1,SN-218_L340-B170,SPONSOR - MAES,BACHE,HERAS,SPONSOR,,,
219,MAND 1,SN-219_L591-B218,,,,,,,
220,MAND 1,SN-220_L206-B206,SPONSOR - AAROVA,BACHE,,SPONSOR,,,
221,MAND 1,SN-221_L207-B206,SPONSOR - PEUGEOT,BACHE,,SPONSOR,,,
222,MAND 1,SN-222_L207-B200, ,,,,,,
223,MAND 1,SN-223_L194-B195,,,,,,,
224,MAND 1,SN-224_L206-B205,SPONSOR - ROCKMUZINE,BACHE,,SPONSOR,,,
225,MAND 1,SN-225_L207-B206,SPONSOR - DHONDT,BACHE,,SPONSOR,,,
226,MAND 1,SN-226_L207-B206,SPONSOR - VANHEEDE,BACHE,,SPONSOR,,,
227,MAND 1,SN-227_L206-B206,SPONSOR - TRUCKING,BACHE,,SPONSOR,,,
228,MAND 1,SN-228_L340-B170,STRIKT VERBODEN TOEGANG - POLITIE,BACHE,HERAS,INGANG,,,
229,MAND 1,SN-229_L340-B170,PHOTO - KREATOR 2013,BACHE,HERAS,SITE,,,
230,MAND 1,SN-230_L340-B170,SPONSOR - HUBEAU,BACHE,HERAS,SPONSOR,,,
231,MAND 1,SN-231_L340-B170,SPONSOR - ACHT,BACHE,HERAS,SPONSOR,,,
232,MAND 1,SN-232_L340-B170,SPONSOR - HARLEY DAVIDSON,BACHE,HERAS,SPONSOR,,,
233,MAND 1,SN-233_L340-B170,SPONSOR - TVH,BACHE,HERAS,SPONSOR,,,
234,MAND 1,SN-234_L340-B170,SPONSOR - LARGE,BACHE,HERAS,SPONSOR,,,
235,MAND 1,SN-235_L195-B194,,,,,,,
236,MAND 1,SN-236_L195-B194,,,,,,,
237,MAND 1,SN-237_L195-B194,,,,,,,
238,MAND 1,SN-238_L195-B194,,,,,,,
239,MAND 1,SN-239_L424-B194,,,,,,,
240,MAND 1,SN-240_L195-B194,,,,,,,
241,MAND 1,SN-241_L195-B194,,,,,,,
242,MAND 1,SN-242_L424-B194,,,,,,,
243,MAND 1,SN-243_L195-B194,,,,,,,
244,MAND 1,SN-244_L195-B194,,,,,,,
245,MAND 1,SN-245_L500-B194,BLACK,BACHE,,BLACK,,,
246,MAND 1,SN-246_L900-B200,ROCK TRIBUNE,,,,,,
247,MAND 1,SN-247_L394-B194,,,,,,,
248,MAND 1,SN-248_L410-B200,,,,,,,
249,MAND 1,SN-249_L394-B193,,,,,,,
250,MAND 2,SN-250_L340-B170,SPONSOR - GHOST GUITARS,BACHE,HERAS,SPONSOR,,,
251,MAND 2,SN-251_L340-B170,SPONSOR - SAFETY JOGGER,BACHE,HERAS,SPONSOR,,,
252,MAND 2,SN-252_L340-B170,SPONSOR - LEDLAB,BACHE,HERAS,SPONSOR,,,
253,MAND 2,SN-253_L340-B170,EXIT - UP,BACHE,HERAS,EXIT,,,
254,MAND 2,SN-254_L340-B170,PHOTO - DIABLO BLVD 2014,BACHE,HERAS,SITE,,,
255,MAND 2,SN-255_L340-B170,EXIT - UP,BACHE,HERAS,EXIT,,,
256,MAND 2,SN-256_L340-B170,EXIT - UP,BACHE,HERAS,EXIT,,,
257,MAND 2,SN-257_L198-B170,PHOTO RESTAURANT,BACHE,,VIP,,,
258,MAND 2,SN-258_L340-B170,PHOTO - TWISTED SISTER 2014,BACHE,HERAS,SITE,,,
259,MAND 2,SN-259_L490-B220,,,,,,,
260,MAND 2,SN-260_L280-B180,SPONSOR - BARBECOOK,BACHE,,SPONSOR,,,
261,MAND 2,SN-261_L340-B170,PHOTO - MICHAEL SCHENKER 2015,BACHE,HERAS,SITE,,,
262,MAND 2,SN-262_L340-B170,SPONSOR - WEBER,BACHE,HERAS,SPONSOR,,,
263,MAND 2,SN-263_L340-B170,PHOTO - MICHAEL SCHENKER 2015,BACHE,HERAS,SITE,,,
264,MAND 2,SN-264_L340-B170,SPONSOR - QUADRIFINISH,BACHE,HERAS,SPONSOR,,,
265,MAND 2,SN-265_L340-B170,SPONSOR - DE DRAAK,BACHE,HERAS,SPONSOR,,,
266,MAND 2,SN-266_L340-B170,SPONSOR - WEST VLAANDEREN,BACHE,HERAS,SPONSOR,,,
267,MAND 2,SN-267_L490-B218,,,,,,,
268,MAND 2,SN-268_L592-B218,,,,,,,
269,MAND 2,SN-269_L1000-B194,BLACK,BACHE,,BLACK,,,
270,MAND 2,SN-270_L1000-B194,BLACK,BACHE,,BLACK,,,
271,MAND 2,SN-271_L1000-B194,BLACK,BACHE,,BLACK,,,
272,MAND 2,SN-272_L1000-B194,BLACK,BACHE,,BLACK,,,
273,MAND 2,SN-273_L470-B070,FOOD - BURGER BROTHERS,BACHE,PAGODE,FOOD & DRINKS,,,
274,MAND 2,SN-274_L470-B070,FOOD - SAUSAGE SANDWICH,BACHE,PAGODE,FOOD & DRINKS,,,
275,MAND 2,SN-275_L470-B070,FOOD - WOK & WRAPS,BACHE,PAGODE,FOOD & DRINKS,,,
276,MAND 2,SN-276_L470-B070,FOOD - KEBABLOVERS,BACHE,PAGODE,FOOD & DRINKS,,,
277,MAND 2,SN-277_L470-B070,FOOD - FRIES & SNACKS,BACHE,PAGODE,FOOD & DRINKS,,,
278,MAND 2,SN-278_L470-B070,FOOD - PULLED PORK,BACHE,PAGODE,FOOD & DRINKS,,,
279,MAND 2,SN-279_L470-B070,FOOD - KEBABLOVERS,BACHE,PAGODE,FOOD & DRINKS,,,
280,MAND 2,SN-280_L492-B363,,,,,,,
281,MAND 2,SN-281_L490-B218,,,,,,,
282,MAND 2,SN-282_L470-B070,FOOD - CAVA BAR,BACHE,,FOOD & DRINKS,,,
283,MAND 2,SN-283_L293-B218,,,,,,,
284,MAND 2,SN-284_L293-B218,,,,,,,
285,MAND 2,SN-285_L493-B218,,,,,,,
286,MAND 2,SN-286_L363-B287,,,,,,,
287,MAND 2,SN-287_L490-B360,,,,,,,
288,MAND 2,SN-288_L593-B218,,,,,,,
289,MAND 2,SN-289_L593-B218,,,,,,,
290,MAND 2,SN-290_L293-B218,,,,,,,
291,MAND 2,SN-291_L214-B193,,,,,,,
292,MAND 2,SN-292_L593-B218,,,,,,,
293,MAND 2,SN-293_L287-B218,,,,,,,
294,MAND 2,SN-294_L293-B218,,,,,,,
295,MAND 2,SN-295_L293-B218,,,,,,,
296,MAND 2,SN-296_L594-B218,,,,,,,
297,MAND 2,SN-297_L593-B218,,,,,,,
298,MAND 2,SN-298_L1000-B194,BLACK,BACHE,,BLACK,,,
299,MAND 2,SN-299_L1000-B194,BLACK,BACHE,,BLACK,,,
300,MAND 3,SN-300_L1000-B194,BLACK,BACHE,,BLACK,,,
301,MAND 3,SN-301_L216-B094,,,,,,,
302,MAND 3,SN-302_L216-B094,,,,,,,
303,MAND 3,SN-303_L488-B070,FOOD - FRIES & SNACKS,BACHE,PAGODE,FOOD & DRINKS,,,
304,MAND 3,SN-304_L340-B170,EXIT - UP,BACHE,HERAS,EXIT,,,
305,MAND 3,SN-305_L340-B170,EXIT - UP,BACHE,HERAS,EXIT,,,
306,MAND 3,SN-306_L340-B170,EXIT - LEFT,BACHE,HERAS,EXIT,,,
307,MAND 3,SN-307_L340-B170,PHOTO - SABATON,BACHE,HERAS,SITE,,,
308,MAND 3,SN-308_L340-B170,PHOTO - CHANNEL ZERO,BACHE,HERAS,SITE,,,
309,MAND 3,SN-309_L340-B170,PHOTO - MICHAEL SCHENKER 2015,BACHE,HERAS,SITE,,,
310,MAND 3,SN-310_L340-B170,PHOTO - POWERWOLF 2015,BACHE,HERAS,SITE,,,
311,MAND 3,SN-311_L340-B170,PHOTO - DEATH ANGEL 2015,BACHE,HERAS,SITE,,,
312,MAND 3,SN-312_L340-B170,PHOTO - GOE VUR IN DEN OTTO 2015,BACHE,HERAS,SITE,,,
313,MAND 3,SN-313_L340-B170,PHOTO - VENOM 2015,BACHE,HERAS,SITE,,,
314,MAND 3,SN-314_L340-B170,PHOTO - POWERWOLF 2015,BACHE,HERAS,SITE,,,
315,MAND 3,SN-315_L340-B170,EXIT - UP,BACHE,HERAS,EXIT,,,
316,MAND 3,SN-316_L340-B170,EXIT - UP ,BACHE,HERAS,EXIT,,,
317,MAND 3,SN-317_L340-B170,SPONSOR - SPARKS,BACHE,HERAS,SPONSOR,,,
318,MAND 3,SN-318_L340-B170,SPONSOR - SCHENKER,BACHE,HERAS,SPONSOR,,,
319,MAND 3,SN-319_L340-B170,SPONSOR - DHONDT,BACHE,HERAS,SPONSOR,,,
320,MAND 3,SN-320_L340-B170,SPONSOR - FOCUS WTV,BACHE,HERAS,SPONSOR,,,
321,MAND 3,SN-321_L340-B170,PHOTO - ARCH ENEMY 2014,BACHE,HERAS,SITE,,,
322,MAND 3,SN-322_L340-B170,SPONSOR - LA VOIX DU NORD,BACHE,HERAS,SPONSOR,,,
323,MAND 3,SN-323_L340-B170,SPONSOR - RONDOM,BACHE,HERAS,SPONSOR,,,
324,MAND 3,SN-324_L340-B170,SPONSOR - WEST VLAANDEREN,BACHE,HERAS,SPONSOR,,,
325,MAND 3,SN-325_L340-B170,SPONSOR - PEUGEOT,BACHE,HERAS,SPONSOR,,,
326,MAND 3,SN-326_L340-B170,SPONSOR - ROCK TRIBUNE,BACHE,HERAS,SPONSOR,,,
327,MAND 3,SN-327_L340-B170,SPONSOR - MAES,BACHE,HERAS,SPONSOR,,,
328,MAND 3,SN-328_L340-B170,EXIT - UP,BACHE,HERAS,EXIT,,,
329,MAND 3,SN-329_L340-B170,EXIT - RIGHT,BACHE,HERAS,EXIT,,,
330,MAND 3,SN-330_L340-B170,SPONSOR - DECLERCQ,BACHE,HERAS,SPONSOR,,,
331,MAND 3,SN-331_L340-B170,SPONSOR - STUDIO BRUSSEL,BACHE,HERAS,SPONSOR,,,
332,MAND 3,SN-332_L488-B070,FOOD - SANDWICH SALLY,BACHE,PAGODE,FOOD & DRINKS,,,
333,MAND 3,SN-333_L340-B070,FOOD - OLD SCUOLA,BACHE,PAGODE,FOOD & DRINKS,,,
334,MAND 3,SN-334_L488-B070,FOOD - MAMMA MELON,BACHE,PAGODE,FOOD & DRINKS,,,
335,MAND 3,SN-335_L488-B070,FOOD - BURGER BROTHERS,BACHE,PAGODE,FOOD & DRINKS,,,
336,MAND 3,SN-336_L206-B200,,,,,,,
337,MAND 3,SN-337_L340-B170,SPONSOR - BARBECOOK,BACHE,HERAS,SPONSOR,,,
338,MAND 3,SN-338_L340-B170,SPONSOR - SAFETY JOGGER,BACHE,HERAS,SPONSOR,,,
339,MAND 3,SN-339_L340-B170,SPONSOR - BARBECOOK,BACHE,HERAS,SPONSOR,,,
340,MAND 3,SN-340_L340-B170,SPONSOR - WEST COAST CHOPPERS,BACHE,HERAS,SPONSOR,,,
341,MAND 3,SN-341_L340-B170,SPONSOR - D&C GUITARS,BACHE,HERAS,SPONSOR,,,
342,MAND 3,SN-342_L340-B170,WALL,BACHE,HERAS,,,,
343,MAND 3,SN-343_L340-B170,SPONSOR - IBIS,BACHE,HERAS,SPONSOR,,,
344,MAND 3,SN-344_L340-B170,SPONSOR - LARGE,BACHE,HERAS,SPONSOR,,,
345,MAND 3,SN-345_L340-B170,SPONSOR - KRANT VAN WEST VLAANDEREN,BACHE,HERAS,SPONSOR,,,
346,MAND 3,SN-346_L340-B170,SPONSOR - TVH,BACHE,HERAS,SPONSOR,,,
347,MAND 3,SN-347_L340-B170,EXIT - UP,BACHE,HERAS,EXIT,,,
348,MAND 3,SN-348_L340-B170,EXIT - RIGHT,BACHE,HERAS,EXIT,,,
349,MAND 3,SN-349_L340-B170,EXIT - RIGHT,BACHE,HERAS,EXIT,,,
350,MAND 3,SN-350_L340-B170,EXIT - UP,BACHE,HERAS,EXIT,,,
351,MAND 3,SN-351_L340-B170,EXIT - LEFT,BACHE,HERAS,EXIT,,,
352,MAND 3,SN-352_L340-B170,PHOTO - LIFE OF AGONY 2014,BACHE,HERAS,SITE,,,
353,MAND 3,SN-353_L340-B170,PHOTO - AVATAR,BACHE,HERAS,SITE,,,
354,MAND 3,SN-354_L340-B170,PHOTO - MARILYN MANSON 2014,BACHE,HERAS,SITE,,,
355,MAND 3,SN-355_L340-B170,PHOTO - TWISTED SISTER 2014,BACHE,HERAS,SITE,,,
356,MAND 3,SN-356_L340-B170,PHOTO - PIETER & ROSELINE,BACHE,HERAS,SITE,,,
357,MAND 3,SN-357_L340-B170,PHOTO - ARCH ENEMY 2014,BACHE,HERAS,SITE,,,
358,MAND 3,SN-358_L340-B170,PHOTO - WASP 2015,BACHE,HERAS,SITE,,,
359,MAND 3,SN-359_L340-B170,PHOTO - WASP 2014,BACHE,HERAS,SITE,,,
360,MAND 3,SN-360_L340-B170,PHOTO - TWISTED SISTER 2014,BACHE,HERAS,SITE,,,
361,MAND 3,SN-361_L340-B170,PHOTO - MOONSPELL 2015,BACHE,HERAS,SITE,,,
362,MAND 3,SN-362_L340-B170,PHOTO - BEHEMOTH,BACHE,HERAS,SITE,,,
363,MAND 3,SN-363_L340-B170,PHOTO - TWISTED SISTER 2014,BACHE,HERAS,SITE,,,
364,MAND 3,SN-364_L340-B170,PHOTO - WASP 2014,BACHE,HERAS,SITE,,,
365,MAND 3,SN-365_L340-B170,PHOTO - TWISTED SISTER 2014,BACHE,HERAS,SITE,,,
366,MAND 3,SN-366_L340-B170,PHOTO - ENTRY 2014,BACHE,HERAS,SITE,,,
367,MAND 3,SN-367_L340-B170,PHOTO - MARILYN MANSON 2014,BACHE,HERAS,SITE,,,
368,MAND 3,SN-368_L340-B170,ENJOY YOUR DAY AT ALCATRAZ,BACHE,HERAS,INGANG,,,
369,MAND 3,SN-369_L340-B170,WELCOME ON ALCTRAZ CAMPSITE,BACHE,HERAS,CAMPING,,,
370,MAND 3,SN-370_L340-B170,EXIT - LEFT,BACHE,HERAS,EXIT,,,
371,MAND 3,SN-371_L340-B170,PRISON GROUND,BACHE,HERAS,SITE,,,
372,MAND 3,SN-372_L340-B170,CAMPING WARNINGS,BACHE,HERAS,CAMPING,,,
373,MAND 3,SN-373_L340-B170,ORDER BREAKFAST AT THE CAMPSITE OFFICE,BACHE,HERAS,CAMPING,,,
374,MAND 3,SN-374_L340-B170,CAMPING - RIGHT,BACHE,HERAS,CAMPING,,,
375,MAND 3,SN-375_L340-B170,EXIT - UP,BACHE,HERAS,EXIT,,,
376,MAND 3,SN-376_L340-B170,EXIT - UP,BACHE,HERAS,EXIT,,,
377,MAND 3,SN-377_L340-B170,OFFICER + PRISON + LOGO (no date),BACHE,HERAS,SITE,,,
378,MAND 3,SN-378_L340-B170,EXIT - UP,BACHE,HERAS,EXIT,,,
379,MAND 3,SN-379_L340-B170,PHOTO - NIGHTWISH 2015,BACHE,HERAS,SITE,,,
380,MAND 3,SN-380_L340-B170,PHOTO - SABATON 2015,BACHE,HERAS,SITE,,,
381,MAND 3,SN-381_L340-B170,PHOTO - VENOM 2015,BACHE,HERAS,SITE,,,
382,MAND 3,SN-382_L340-B170,PHOTO - BEHEMOTH 2015,BACHE,HERAS,SITE,,,
383,MAND 3,SN-383_L340-B170,PHOTO - DEATH ANGEL 2015,BACHE,HERAS,SITE,,,
384,MAND 3,SN-384_L340-B170,SPONSOR - HARLEY DAVIDSON,BACHE,HERAS,SPONSOR,,,
385,MAND 3,SN-385_L340-B170,SPONSOR - TRUCKING,BACHE,HERAS,SPONSOR,,,
386,MAND 3,SN-386_L340-B170,SPONSOR - PEUGEOT,BACHE,HERAS,SPONSOR,,,
387,MAND 3,SN-387_L340-B170,EXIT - LEFT,BACHE,HERAS,EXIT,,,
388,MAND 3,SN-388_L340-B170,EXIT - UP,BACHE,HERAS,EXIT,,,
389,MAND 4,SN-389_L340-B170,EXIT - UP,BACHE,HERAS,EXIT,,,
390,MAND 4,SN-390_L398-B300,PRISON GROUND,BACHE,,SITE,,,
391,MAND 4,SN-391_L340-B170,EXIT - UP,BACHE,HERAS,EXIT,,,
392,MAND 4,SN-392_L340-B170,EXIT - UP,BACHE,HERAS,EXIT,,,
393,MAND 4,SN-393_L340-B170,EXIT - UP,BACHE,HERAS,EXIT,,,
394,MAND 4,SN-394_L340-B170,EXIT - UP,BACHE,HERAS,EXIT,,,
395,MAND 4,SN-395_L300-B190,,,,,,,
396,MAND 4,SN-396_L510-B190,,,,,,,
397,MAND 4,SN-397_L510-B190,,,,,,,
398,MAND 4,SN-398_L310-B190,,,,,,,
399,MAND 4,SN-399_L310-B190,,,,,,,
400,MAND 4,SN-400_L310-B190,,,,,,,
401,MAND 4,SN-401_L340-B170,EXIT - UP,BACHE,HERAS,EXIT,,,
402,MAND 4,SN-402_L340-B170,EXIT - UP,BACHE,HERAS,EXIT,,,
403,MAND 4,SN-403_L340-B170,EXIT - UP,BACHE,HERAS,EXIT,,,
404,MAND 4,SN-404_L340-B170,EXIT - UP,BACHE,HERAS,EXIT,,,
405,MAND 4,SN-405_L340-B170,EXIT - UP,BACHE,HERAS,EXIT,,,
406,MAND 4,SN-406_L340-B170,EXIT - UP,BACHE,HERAS,EXIT,,,
407,MAND 4,SN-407_L340-B170,EXIT - RIGHT,BACHE,HERAS,EXIT,,,
408,MAND 4,SN-408_L340-B170,EXIT - UP,BACHE,HERAS,EXIT,,,
409,MAND 4,SN-409_L340-B170,EXIT - UP,BACHE,HERAS,EXIT,,,
410,MAND 4,SN-410_L340-B170,EXIT - UP,BACHE,HERAS,EXIT,,,
411,MAND 4,SN-411_L340-B170,EXIT - UP,BACHE,HERAS,EXIT,,,
412,MAND 4,SN-412_L340-B170,EXIT - RIGHT,BACHE,HERAS,EXIT,,,
413,MAND 4,SN-413_L340-B170,EXIT - UP,BACHE,HERAS,EXIT,,,
414,MAND 4,SN-414_L340-B170,EXIT - UP,BACHE,HERAS,EXIT,,,
415,MAND 4,SN-415_L340-B170,EXIT - UP,BACHE,HERAS,EXIT,,,
416,MAND 4,SN-416_L340-B170,EXIT - UP,BACHE,HERAS,EXIT,,,
417,MAND 4,SN-417_L340-B170,EXIT - UP,BACHE,HERAS,EXIT,,,
418,MAND 4,SN-418_L340-B170,EXIT - UP,BACHE,HERAS,EXIT,,,
419,MAND 4,SN-419_L300-B200,BLACK,BACHE,,BLACK,,,
420,MAND 4,SN-420_L300-B200,BLACK,BACHE,,BLACK,,,
421,MAND 5,SN-421_L215-B100,,,,,,,
422,MAND 5,SN-422_L215-B100,,,,,,,
423,MAND 5,SN-423_L215-B100,,,,,,,
424,MAND 5,SN-424_L215-B100,,,,,,,
425,MAND 5,SN-425_L215-B100,,,,,,,
426,MAND 5,SN-426_L215-B100,,,,,,,
427,MAND 5,SN-427_L395-B195,,,,,,,
428,MAND 5,SN-428_L340-B170,SPONSOR - ACCENT JOBS,BACHE,HERAS,SPONSOR,,,
429,MAND 5,SN-429_L340-B170,SPONSOR - EBS,BACHE,HERAS,SPONSOR,,,
430,MAND 5,SN-430_L340-B170,SPONSOR - STAD KORTRIJK,BACHE,HERAS,SPONSOR,,,
431,MAND 5,SN-431_L340-B170,SPONSOR - BARBECOOK,BACHE,HERAS,SPONSOR,,,
432,MAND 5,SN-432_L340-B170,PHOTO - DIABLO BLVD 2014,BACHE,HERAS,SITE,,,
433,MAND 5,SN-433_L340-B170,PHOTO - AVATAR 2014,BACHE,HERAS,SITE,,,
434,MAND 5,SN-434_L340-B170,SPONSOR - PAS SECURITY,BACHE,HERAS,SPONSOR,,,
435,MAND 5,SN-435_L340-B170,SPONSOR - STUDIO BRUSSEL,BACHE,HERAS,SPONSOR,,,
436,MAND 5,SN-436_L340-B170,SPONSOR - RONDOM,BACHE,HERAS,SPONSOR,,,
437,MAND 5,SN-437_L340-B170,SPONSOR - AARSCHOK,BACHE,HERAS,SPONSOR,,,
438,MAND 5,SN-438_L340-B170,SPONSOR - STAD KORTRIJK,BACHE,HERAS,SPONSOR,,,
439,MAND 5,SN-439_L340-B170,SPONSOR - REDBULL,BACHE,HERAS,SPONSOR,,,
440,MAND 5,SN-440_L265-B135,,,,,,,
441,MAND 5,SN-441_L265-B135,,,,,,,
442,MAND 5,SN-442_L265-B135,,,,,,,
443,MAND 5,SN-443_L265-B135,,,,,,,
444,,SN-444_L12000x1000,PODIUM SWAMP TOP,BACHE,,PODIUM SWAMP,WOLLUX,12/07/2017,
445,,SN-445_L10290-B7931,PODIUM SWAMP LEFT,BACHE,,PODIUM SWAMP,WOLLUX,12/07/2017,
446,,SN-446_L10290-B7931,PODIUM SWAMP RIGHT,BACHE,,PODIUM SWAMP,WOLLUX,12/07/2017,
447,,SN-447_L8400-B5940,CAMPING DEATH VALLEY FRONT,BACHE,,CAMPING,WOLLUX,12/07/2017,
448,,SN-448_L8400-B5940,CAMPING DEATH VALLEY BACK,BACHE,,CAMPING,WOLLUX,12/07/2017,
449,,SN-449_L2178-B5940,CAMPING DEATH VALLEY SIDE LEFT,BACHE,,CAMPING,WOLLUX,12/07/2017,
450,,SN-450_L2178-B5940,CAMPING DEATH VALLEY SIDE RIGHT,BACHE,,CAMPING,WOLLUX,12/07/2017,
451,,SN-451_L2178-B2940,CAMPING DEATH VALLEY INSIDE LEFT,BACHE,,CAMPING,WOLLUX,12/07/2017,
452,,SN-452_L2178-B2940,CAMPING DEATH VALLEY INSIDE RIGHT,BACHE,,CAMPING,WOLLUX,12/07/2017,
453,,SN-453_L4400-B900,RODE KRUIS,BACHE,PAGODE,SITE,WOLLUX,12/07/2017,
454,,SN-454_L4400-B900,FESTIVAL MERCHANDISE WCC,BACHE,PAGODE,SITE,WOLLUX,12/07/2017,
455,,SN-455_L5940-B2182,WC TOREN 1/4,BACHE,TRUSS,WC,WOLLUX,12/07/2017,
456,,SN-456_L5940-B2182,WC TOREN 2/4,BACHE,TRUSS,WC,WOLLUX,12/07/2017,
457,,SN-457_L5940-B2182,WC TOREN 3/4,BACHE,TRUSS,WC,WOLLUX,12/07/2017,
458,,SN-458_L5940-B2182,WC TOREN 4/4,BACHE,TRUSS,WC,WOLLUX,12/07/2017,
459,,SN-459_L1200-B200,VIP GUEST LEFT,KANAAL,WEGWIJZER,BUITEN,3MOTION,12/07/2017,
460,,SN-460_L1200-B200,VIP GUEST LEFT,KANAAL,WEGWIJZER,BUITEN,3MOTION,12/07/2017,
461,,SN-461_L1200-B200,VIP GUEST LEFT,KANAAL,WEGWIJZER,BUITEN,3MOTION,12/07/2017,
462,,SN-462_L1200-B200,VIP GUEST LEFT,KANAAL,WEGWIJZER,BUITEN,3MOTION,12/07/2017,
463,,SN-463_L1200-B200,VIP GUEST LEFT,KANAAL,WEGWIJZER,BUITEN,3MOTION,12/07/2017,
464,,SN-464_L1200-B200,VIP GUEST LEFT,KANAAL,WEGWIJZER,BUITEN,3MOTION,12/07/2017,
465,,SN-465_L1200-B200,VIP GUEST LEFT,KANAAL,WEGWIJZER,BUITEN,3MOTION,12/07/2017,
466,,SN-466_L1200-B200,VIP GUEST LEFT,KANAAL,WEGWIJZER,BUITEN,3MOTION,12/07/2017,
467,,SN-467_L1200-B200,VIP GUEST LEFT,KANAAL,WEGWIJZER,BUITEN,3MOTION,12/07/2017,
468,,SN-468_L1200-B200,VIP GUEST LEFT,KANAAL,WEGWIJZER,BUITEN,3MOTION,12/07/2017,
469,,SN-469_L1200-B200,VIP GUEST LEFT,KANAAL,WEGWIJZER,BUITEN,3MOTION,12/07/2017,
470,,SN-470_L1200-B200,VIP GUEST LEFT,KANAAL,WEGWIJZER,BUITEN,3MOTION,12/07/2017,
471,,SN-471_L1200-B200,VIP GUEST LEFT,KANAAL,WEGWIJZER,BUITEN,3MOTION,12/07/2017,
472,,SN-472_L1200-B200,VIP GUEST LEFT,KANAAL,WEGWIJZER,BUITEN,3MOTION,12/07/2017,
473,,SN-473_L1200-B200,VIP GUEST LEFT,KANAAL,WEGWIJZER,BUITEN,3MOTION,12/07/2017,
474,,SN-474_L1200-B200,VIP GUEST LEFT,KANAAL,WEGWIJZER,BUITEN,3MOTION,12/07/2017,
475,,SN-475_L1200-B200,VIP GUEST LEFT,KANAAL,WEGWIJZER,BUITEN,3MOTION,12/07/2017,
476,,SN-476_L1200-B200,VIP GUEST LEFT,KANAAL,WEGWIJZER,BUITEN,3MOTION,12/07/2017,
477,,SN-477_L1200-B200,VIP GUEST LEFT,KANAAL,WEGWIJZER,BUITEN,3MOTION,12/07/2017,
478,,SN-478_L1200-B200,VIP GUEST LEFT,KANAAL,WEGWIJZER,BUITEN,3MOTION,12/07/2017,
479,,SN-479_L1200-B200,VIP GUEST RIGHT,KANAAL,WEGWIJZER,BUITEN,3MOTION,12/07/2017,
480,,SN-480_L1200-B200,VIP GUEST RIGHT,KANAAL,WEGWIJZER,BUITEN,3MOTION,12/07/2017,
481,,SN-481_L1200-B200,VIP GUEST RIGHT,KANAAL,WEGWIJZER,BUITEN,3MOTION,12/07/2017,
482,,SN-482_L1200-B200,VIP GUEST RIGHT,KANAAL,WEGWIJZER,BUITEN,3MOTION,12/07/2017,
483,,SN-483_L1200-B200,VIP GUEST RIGHT,KANAAL,WEGWIJZER,BUITEN,3MOTION,12/07/2017,
484,,SN-484_L1200-B200,VIP GUEST RIGHT,KANAAL,WEGWIJZER,BUITEN,3MOTION,12/07/2017,
485,,SN-485_L1200-B200,VIP GUEST RIGHT,KANAAL,WEGWIJZER,BUITEN,3MOTION,12/07/2017,
486,,SN-486_L1200-B200,VIP GUEST RIGHT,KANAAL,WEGWIJZER,BUITEN,3MOTION,12/07/2017,
487,,SN-487_L1200-B200,VIP GUEST RIGHT,KANAAL,WEGWIJZER,BUITEN,3MOTION,12/07/2017,
488,,SN-488_L1200-B200,VIP GUEST RIGHT,KANAAL,WEGWIJZER,BUITEN,3MOTION,12/07/2017,
489,,SN-489_L1200-B200,PRESS LEFT,KANAAL,WEGWIJZER,BUITEN,3MOTION,12/07/2017,
490,,SN-490_L1200-B200,PRESS LEFT,KANAAL,WEGWIJZER,BUITEN,3MOTION,12/07/2017,
491,,SN-491_L1200-B200,PRESS LEFT,KANAAL,WEGWIJZER,BUITEN,3MOTION,12/07/2017,
492,,SN-492_L1200-B200,PRESS LEFT,KANAAL,WEGWIJZER,BUITEN,3MOTION,12/07/2017,
493,,SN-493_L1200-B200,PRESS LEFT,KANAAL,WEGWIJZER,BUITEN,3MOTION,12/07/2017,
494,,SN-494_L1200-B200,PRESS LEFT,KANAAL,WEGWIJZER,BUITEN,3MOTION,12/07/2017,
495,,SN-495_L1200-B200,PRESS LEFT,KANAAL,WEGWIJZER,BUITEN,3MOTION,12/07/2017,
496,,SN-496_L1200-B200,PRESS LEFT,KANAAL,WEGWIJZER,BUITEN,3MOTION,12/07/2017,
497,,SN-497_L1200-B200,PRESS LEFT,KANAAL,WEGWIJZER,BUITEN,3MOTION,12/07/2017,
498,,SN-498_L1200-B200,PRESS LEFT,KANAAL,WEGWIJZER,BUITEN,3MOTION,12/07/2017,
499,,SN-499_L1200-B200,PRESS LEFT,KANAAL,WEGWIJZER,BUITEN,3MOTION,12/07/2017,
500,,SN-500_L1200-B200,PRESS LEFT,KANAAL,WEGWIJZER,BUITEN,3MOTION,12/07/2017,
501,,SN-501_L1200-B200,PRESS LEFT,KANAAL,WEGWIJZER,BUITEN,3MOTION,12/07/2017,
502,,SN-502_L1200-B200,PRESS LEFT,KANAAL,WEGWIJZER,BUITEN,3MOTION,12/07/2017,
503,,SN-503_L1200-B200,PRESS LEFT,KANAAL,WEGWIJZER,BUITEN,3MOTION,12/07/2017,
504,,SN-504_L1200-B200,PRESS LEFT,KANAAL,WEGWIJZER,BUITEN,3MOTION,12/07/2017,
505,,SN-505_L1200-B200,PRESS LEFT,KANAAL,WEGWIJZER,BUITEN,3MOTION,12/07/2017,
506,,SN-506_L1200-B200,PRESS LEFT,KANAAL,WEGWIJZER,BUITEN,3MOTION,12/07/2017,
507,,SN-507_L1200-B200,PRESS LEFT,KANAAL,WEGWIJZER,BUITEN,3MOTION,12/07/2017,
508,,SN-508_L1200-B200,PRESS LEFT,KANAAL,WEGWIJZER,BUITEN,3MOTION,12/07/2017,
509,,SN-509_L1200-B200,PRESS RIGHT,KANAAL,WEGWIJZER,BUITEN,3MOTION,12/07/2017,
510,,SN-510_L1200-B200,PRESS RIGHT,KANAAL,WEGWIJZER,BUITEN,3MOTION,12/07/2017,
511,,SN-511_L1200-B200,PRESS RIGHT,KANAAL,WEGWIJZER,BUITEN,3MOTION,12/07/2017,
512,,SN-512_L1200-B200,PRESS RIGHT,KANAAL,WEGWIJZER,BUITEN,3MOTION,12/07/2017,
513,,SN-513_L1200-B200,PRESS RIGHT,KANAAL,WEGWIJZER,BUITEN,3MOTION,12/07/2017,
514,,SN-514_L1200-B200,PRESS RIGHT,KANAAL,WEGWIJZER,BUITEN,3MOTION,12/07/2017,
515,,SN-515_L1200-B200,PRESS RIGHT,KANAAL,WEGWIJZER,BUITEN,3MOTION,12/07/2017,
516,,SN-516_L1200-B200,PRESS RIGHT,KANAAL,WEGWIJZER,BUITEN,3MOTION,12/07/2017,
517,,SN-517_L1200-B200,PRESS RIGHT,KANAAL,WEGWIJZER,BUITEN,3MOTION,12/07/2017,
518,,SN-518_L1200-B200,PRESS RIGHT,KANAAL,WEGWIJZER,BUITEN,3MOTION,12/07/2017,
519,,SN-519_L1200-B200,MOTO LEFT,KANAAL,WEGWIJZER,BUITEN,3MOTION,12/07/2017,
520,,SN-520_L1200-B200,MOTO LEFT,KANAAL,WEGWIJZER,BUITEN,3MOTION,12/07/2017,
521,,SN-521_L1200-B200,MOTO LEFT,KANAAL,WEGWIJZER,BUITEN,3MOTION,12/07/2017,
522,,SN-522_L1200-B200,MOTO LEFT,KANAAL,WEGWIJZER,BUITEN,3MOTION,12/07/2017,
523,,SN-523_L1200-B200,MOTO LEFT,KANAAL,WEGWIJZER,BUITEN,3MOTION,12/07/2017,
524,,SN-524_L1200-B200,MOTO LEFT,KANAAL,WEGWIJZER,BUITEN,3MOTION,12/07/2017,
525,,SN-525_L1200-B200,MOTO LEFT,KANAAL,WEGWIJZER,BUITEN,3MOTION,12/07/2017,
526,,SN-526_L1200-B200,MOTO LEFT,KANAAL,WEGWIJZER,BUITEN,3MOTION,12/07/2017,
527,,SN-527_L1200-B200,MOTO LEFT,KANAAL,WEGWIJZER,BUITEN,3MOTION,12/07/2017,
528,,SN-528_L1200-B200,MOTO LEFT,KANAAL,WEGWIJZER,BUITEN,3MOTION,12/07/2017,
529,,SN-529_L1200-B200,MOTO LEFT,KANAAL,WEGWIJZER,BUITEN,3MOTION,12/07/2017,
530,,SN-530_L1200-B200,MOTO LEFT,KANAAL,WEGWIJZER,BUITEN,3MOTION,12/07/2017,
531,,SN-531_L1200-B200,MOTO LEFT,KANAAL,WEGWIJZER,BUITEN,3MOTION,12/07/2017,
532,,SN-532_L1200-B200,MOTO LEFT,KANAAL,WEGWIJZER,BUITEN,3MOTION,12/07/2017,
533,,SN-533_L1200-B200,MOTO LEFT,KANAAL,WEGWIJZER,BUITEN,3MOTION,12/07/2017,
534,,SN-534_L1200-B200,MOTO LEFT,KANAAL,WEGWIJZER,BUITEN,3MOTION,12/07/2017,
535,,SN-535_L1200-B200,MOTO LEFT,KANAAL,WEGWIJZER,BUITEN,3MOTION,12/07/2017,
536,,SN-536_L1200-B200,MOTO LEFT,KANAAL,WEGWIJZER,BUITEN,3MOTION,12/07/2017,
537,,SN-537_L1200-B200,MOTO LEFT,KANAAL,WEGWIJZER,BUITEN,3MOTION,12/07/2017,
538,,SN-538_L1200-B200,MOTO LEFT,KANAAL,WEGWIJZER,BUITEN,3MOTION,12/07/2017,
539,,SN-539_L1200-B200,MOTO RIGHT,KANAAL,WEGWIJZER,BUITEN,3MOTION,12/07/2017,
540,,SN-540_L1200-B200,MOTO RIGHT,KANAAL,WEGWIJZER,BUITEN,3MOTION,12/07/2017,
541,,SN-541_L1200-B200,MOTO RIGHT,KANAAL,WEGWIJZER,BUITEN,3MOTION,12/07/2017,
542,,SN-542_L1200-B200,MOTO RIGHT,KANAAL,WEGWIJZER,BUITEN,3MOTION,12/07/2017,
543,,SN-543_L1200-B200,MOTO RIGHT,KANAAL,WEGWIJZER,BUITEN,3MOTION,12/07/2017,
544,,SN-544_L1200-B200,MOTO RIGHT,KANAAL,WEGWIJZER,BUITEN,3MOTION,12/07/2017,
545,,SN-545_L1200-B200,MOTO RIGHT,KANAAL,WEGWIJZER,BUITEN,3MOTION,12/07/2017,
546,,SN-546_L1200-B200,MOTO RIGHT,KANAAL,WEGWIJZER,BUITEN,3MOTION,12/07/2017,
547,,SN-547_L1200-B200,MOTO RIGHT,KANAAL,WEGWIJZER,BUITEN,3MOTION,12/07/2017,
548,,SN-548_L1200-B200,MOTO RIGHT,KANAAL,WEGWIJZER,BUITEN,3MOTION,12/07/2017,
549,,SN-549_L1200-B200,MOBILHOMES LEFT,KANAAL,WEGWIJZER,BUITEN,3MOTION,12/07/2017,
550,,SN-550_L1200-B200,MOBILHOMES LEFT,KANAAL,WEGWIJZER,BUITEN,3MOTION,12/07/2017,
551,,SN-551_L1200-B200,MOBILHOMES LEFT,KANAAL,WEGWIJZER,BUITEN,3MOTION,12/07/2017,
552,,SN-552_L1200-B200,MOBILHOMES LEFT,KANAAL,WEGWIJZER,BUITEN,3MOTION,12/07/2017,
553,,SN-553_L1200-B200,MOBILHOMES LEFT,KANAAL,WEGWIJZER,BUITEN,3MOTION,12/07/2017,
554,,SN-554_L1200-B200,ORGANISATION LEFT,KANAAL,WEGWIJZER,BUITEN,3MOTION,12/07/2017,
555,,SN-555_L1200-B200,ORGANISATION RIGHT,KANAAL,WEGWIJZER,BUITEN,3MOTION,12/07/2017,
556,,SN-556_L1200-B200,BIKEPARK LEFT,KANAAL,WEGWIJZER,BUITEN,3MOTION,12/07/2017,
557,,SN-557_L1200-B200,BIKEPARK RIGHT,KANAAL,WEGWIJZER,BUITEN,3MOTION,12/07/2017,
558,,SN-558_L1200-B200,HANDYCAP LEFT,KANAAL,WEGWIJZER,BUITEN,3MOTION,12/07/2017,
559,,SN-559_L1200-B200,HANDYCAP RIGHT,KANAAL,WEGWIJZER,BUITEN,3MOTION,12/07/2017,
560,,SN-560_L1000-B1000,SHUTTLE TIME,KANAAL,WEGWIJZER,BUITEN,3MOTION,12/07/2017,
561,,SN-561_L1000-B1000,SHUTTLE TIME,KANAAL,WEGWIJZER,BUITEN,3MOTION,12/07/2017,
562,,SN-562_L1000-B1000,SHUTTLE TIME,KANAAL,WEGWIJZER,BUITEN,3MOTION,12/07/2017,
563,,SN-563_L1000-B1000,SHUTTLE TIME,KANAAL,WEGWIJZER,BUITEN,3MOTION,12/07/2017,
564,,SN-564_L1000-B1000,METAL MARKET,KANAAL,WEGWIJZER,BUITEN,3MOTION,12/07/2017,
565,,SN-565_L1000-B1000,METAL MARKET,KANAAL,WEGWIJZER,BUITEN,3MOTION,12/07/2017,
566,,SN-566_L500-B500,PARKING BEWONERS,KANAAL,WEGWIJZER,BUITEN,3MOTION,12/07/2017,
567,,SN-567_L500-B500,PARKING BEWONERS,KANAAL,WEGWIJZER,BUITEN,3MOTION,12/07/2017,
568,,SN-568_L500-B500,PARKING BEWONERS,KANAAL,WEGWIJZER,BUITEN,3MOTION,12/07/2017,
569,,SN-569_L500-B500,PARKING BEWONERS,KANAAL,WEGWIJZER,BUITEN,3MOTION,12/07/2017,
570,,SN-570_L500-B500,PARKING BEWONERS,KANAAL,WEGWIJZER,BUITEN,3MOTION,12/07/2017,
571,,SN-571_L500-B500,NO PARKING FESTIVAL,KANAAL,WEGWIJZER,BUITEN,3MOTION,12/07/2017,
572,,SN-572_L500-B500,NO PARKING FESTIVAL,KANAAL,WEGWIJZER,BUITEN,3MOTION,12/07/2017,
573,,SN-573_L500-B500,NO PARKING FESTIVAL,KANAAL,WEGWIJZER,BUITEN,3MOTION,12/07/2017,
574,,SN-574_L500-B500,NO PARKING FESTIVAL,KANAAL,WEGWIJZER,BUITEN,3MOTION,12/07/2017,
575,,SN-575_L500-B500,NO PARKING FESTIVAL,KANAAL,WEGWIJZER,BUITEN,3MOTION,12/07/2017,
576,,SN-576_L800-B400,EXIT,KANAAL,,EXIT,3MOTION,12/07/2017,
577,,SN-577_L800-B400,NO DRINKS ALLOWED,KANAAL,,INGANG,3MOTION,12/07/2017,
578,,SN-578_L3400-B1700,NO DRINKS ALLLOWED,BACHE,HERAS,INGANG,3MOTION,12/07/2017,
579,,SN-579_L3400-B1700,NOT ALLOWED ON AMF,BACHE,HERAS,INGANG,3MOTION,12/07/2017,
580,,SN-580_L3400-B1700,NOT ALLOWED ON AMF,BACHE,HERAS,INGANG,3MOTION,12/07/2017,
581,,SN-581_L3400-B1700,NOT ALLOWED ON AMF,BACHE,HERAS,INGANG,3MOTION,12/07/2017,
582,,SN-582_L3400-B1700,NOT ALLOWED ON AMF,BACHE,HERAS,INGANG,3MOTION,12/07/2017,
583,,SN-583_L3400-B1700,METAL MARKET,BACHE,HERAS,METAL MARKET,3MOTION,12/07/2017,
584,,SN-584_L2500-B400,CAMPING SHOP,KANAAL,,CAMPING,3MOTION,12/07/2017,
585,,SN-585_L2500-B400,BATTERY RENTAL,KANAAL,,CAMPING,3MOTION,12/07/2017,
586,,SN-586_L420-B297,EAGLES PLAZA LEFT,KANAAL,WEGWIJZER,CAMPING,3MOTION,12/07/2017,
587,,SN-587_L420-B297,EAGLES PLAZA LEFT,KANAAL,WEGWIJZER,CAMPING,3MOTION,12/07/2017,
588,,SN-588_L420-B297,EAGLES PLAZA LEFT,KANAAL,WEGWIJZER,CAMPING,3MOTION,12/07/2017,
589,,SN-589_L420-B297,EAGLES PLAZA RIGHT,KANAAL,WEGWIJZER,CAMPING,3MOTION,12/07/2017,
590,,SN-590_L420-B297,DEATH VALLEY LEFT,KANAAL,WEGWIJZER,CAMPING,3MOTION,12/07/2017,
591,,SN-591_L420-B297,DEATH VALLEY RIGHT,KANAAL,WEGWIJZER,CAMPING,3MOTION,12/07/2017,
592,,SN-592_L420-B297,GRAVEYARD LEFT,KANAAL,WEGWIJZER,CAMPING,3MOTION,12/07/2017,
593,,SN-593_L420-B297,GRAVEYARD RIGHT,KANAAL,WEGWIJZER,CAMPING,3MOTION,12/07/2017,
594,,SN-594_L420-B297,CAMPING SHOP LEFT,KANAAL,WEGWIJZER,CAMPING,3MOTION,12/07/2017,
595,,SN-595_L420-B297,CAMPING SHOP LEFT,KANAAL,WEGWIJZER,CAMPING,3MOTION,12/07/2017,
596,,SN-596_L420-B297,CAMPING SHOP RIGHT,KANAAL,WEGWIJZER,CAMPING,3MOTION,12/07/2017,
597,,SN-597_L420-B297,CAMPING SHOP RIGHT,KANAAL,WEGWIJZER,CAMPING,3MOTION,12/07/2017,
598,,SN-598_L420-B297,LANDING LEFT,KANAAL,WEGWIJZER,CAMPING,3MOTION,12/07/2017,
599,,SN-599_L420-B297,LANDING LEFT,KANAAL,WEGWIJZER,CAMPING,3MOTION,12/07/2017,
600,,SN-600_L420-B297,LANDING RIGHT,KANAAL,WEGWIJZER,CAMPING,3MOTION,12/07/2017,
601,,SN-601_L420-B297,LANDING RIGHT,KANAAL,WEGWIJZER,CAMPING,3MOTION,12/07/2017,
602,,SN-602_L420-B297,BREAKFAST PRICE,KANAAL,WEGWIJZER,CAMPING,3MOTION,12/07/2017,
603,,SN-603_L420-B297,BREAKFAST PRICE,KANAAL,WEGWIJZER,CAMPING,3MOTION,12/07/2017,
604,,SN-604_L420-B297,BREAKFAST PRICE,KANAAL,WEGWIJZER,CAMPING,3MOTION,12/07/2017,
605,,SN-605_L420-B297,BREAKFAST PRICE,KANAAL,WEGWIJZER,CAMPING,3MOTION,12/07/2017,
606,,SN-606_L420-B297,BREAKFAST PRICE,KANAAL,WEGWIJZER,CAMPING,3MOTION,12/07/2017,
607,,SN-607_L420-B297,BREAKFAST CONTENT,KANAAL,WEGWIJZER,CAMPING,3MOTION,12/07/2017,
608,,SN-608_L420-B297,BREAKFAST CONTENT,KANAAL,WEGWIJZER,CAMPING,3MOTION,12/07/2017,
609,,SN-609_L420-B297,BREAKFAST CONTENT,KANAAL,WEGWIJZER,CAMPING,3MOTION,12/07/2017,
610,,SN-610_L420-B297,BREAKFAST CONTENT,KANAAL,WEGWIJZER,CAMPING,3MOTION,12/07/2017,
611,,SN-611_L420-B297,BREAKFAST CONTENT,KANAAL,WEGWIJZER,CAMPING,3MOTION,12/07/2017,
612,,SN-612_L420-B297,SHUTTLE,KANAAL,WEGWIJZER,CAMPING,3MOTION,12/07/2017,
613,,SN-613_L420-B297,SHUTTLE,KANAAL,WEGWIJZER,CAMPING,3MOTION,12/07/2017,
614,,SN-614_L420-B297,CLUSTER 1-5 LEFT,KANAAL,WEGWIJZER,CAMPING,3MOTION,12/07/2017,
615,,SN-615_L420-B297,CLUSTER 1-5 RIGHT,KANAAL,WEGWIJZER,CAMPING,3MOTION,12/07/2017,
616,,SN-616_L420-B297,CLUSTER 7-12 LEFT,KANAAL,WEGWIJZER,CAMPING,3MOTION,12/07/2017,
617,,SN-617_L420-B297,CLUSTER 7-12 RIGHT,KANAAL,WEGWIJZER,CAMPING,3MOTION,12/07/2017,
618,,SN-618_L420-B297,CLUSTER 10-12 LEFT,KANAAL,WEGWIJZER,CAMPING,3MOTION,12/07/2017,
619,,SN-619_L420-B297,CLUSTER 10-12 RIGHT,KANAAL,WEGWIJZER,CAMPING,3MOTION,12/07/2017,
620,,SN-620_L420-B297,EMERGENCY EXIT LEFT,KANAAL,WEGWIJZER,CAMPING,3MOTION,12/07/2017,
621,,SN-621_L420-B297,EMERGENCY EXIT LEFT,KANAAL,WEGWIJZER,CAMPING,3MOTION,12/07/2017,
622,,SN-622_L420-B297,EMERGENCY EXIT RIGHT,KANAAL,WEGWIJZER,CAMPING,3MOTION,12/07/2017,
623,,SN-623_L420-B297,EMERGENCY EXIT RIGHT,KANAAL,WEGWIJZER,CAMPING,3MOTION,12/07/2017,
624,,SN-624_L1000-B1000,CAMPING NUMBER 1,KANAAL,WEGWIJZER,CAMPING,3MOTION,12/07/2017,
625,,SN-625_L1000-B1000,CAMPING NUMBER 2,KANAAL,WEGWIJZER,CAMPING,3MOTION,12/07/2017,
626,,SN-626_L1000-B1000,CAMPING NUMBER 3,KANAAL,WEGWIJZER,CAMPING,3MOTION,12/07/2017,
627,,SN-627_L1000-B1000,CAMPING NUMBER 4,KANAAL,WEGWIJZER,CAMPING,3MOTION,12/07/2017,
628,,SN-628_L1000-B1000,CAMPING NUMBER 5,KANAAL,WEGWIJZER,CAMPING,3MOTION,12/07/2017,
629,,SN-629_L1000-B1000,CAMPING NUMBER 6,KANAAL,WEGWIJZER,CAMPING,3MOTION,12/07/2017,
630,,SN-630_L1000-B1000,CAMPING NUMBER 7,KANAAL,WEGWIJZER,CAMPING,3MOTION,12/07/2017,
631,,SN-631_L1000-B1000,CAMPING NUMBER 8,KANAAL,WEGWIJZER,CAMPING,3MOTION,12/07/2017,
632,,SN-632_L1000-B1000,CAMPING NUMBER 9,KANAAL,WEGWIJZER,CAMPING,3MOTION,12/07/2017,
633,,SN-633_L1000-B1000,CAMPING NUMBER 10,KANAAL,WEGWIJZER,CAMPING,3MOTION,12/07/2017,
634,,SN-634_L1000-B1000,CAMPING NUMBER 11,KANAAL,WEGWIJZER,CAMPING,3MOTION,12/07/2017,
635,,SN-635_L1000-B1000,CAMPING NUMBER 12,KANAAL,WEGWIJZER,CAMPING,3MOTION,12/07/2017,
636,,SN-636_L1000-B1000,CAMPING NUMBER 13,KANAAL,WEGWIJZER,CAMPING,3MOTION,12/07/2017,
637,,SN-637_L1000-B1000,CAMPING NUMBER 14,KANAAL,WEGWIJZER,CAMPING,3MOTION,12/07/2017,
638,,SN-638_L1000-B1000,CAMPING NUMBER 15,KANAAL,WEGWIJZER,CAMPING,3MOTION,12/07/2017,
639,,SN-639_L750-B750,EMERGENCY 1,KANAAL,WEGWIJZER,CAMPING,3MOTION,12/07/2017,
640,,SN-640_L750-B750,EMERGENCY 2,KANAAL,WEGWIJZER,CAMPING,3MOTION,12/07/2017,
641,,SN-641_L750-B750,EMERGENCY 3,KANAAL,WEGWIJZER,CAMPING,3MOTION,12/07/2017,
642,,SN-642_L750-B750,EMERGENCY 4,KANAAL,WEGWIJZER,CAMPING,3MOTION,12/07/2017,
643,,SN-643_L750-B750,EMERGENCY 5,KANAAL,WEGWIJZER,CAMPING,3MOTION,12/07/2017,
644,,SN-644_L750-B750,EMERGENCY 6,KANAAL,WEGWIJZER,CAMPING,3MOTION,12/07/2017,
645,,SN-645_L750-B750,EMERGENCY 7,KANAAL,WEGWIJZER,CAMPING,3MOTION,12/07/2017,
646,,SN-646_L750-B750,EMERGENCY 8,KANAAL,WEGWIJZER,CAMPING,3MOTION,12/07/2017,
647,,SN-647_L750-B750,EMERGENCY 9,KANAAL,WEGWIJZER,CAMPING,3MOTION,12/07/2017,
648,,SN-648_L750-B750,EMERGENCY 10,KANAAL,WEGWIJZER,CAMPING,3MOTION,12/07/2017,
649,,SN-649_L750-B750,EMERGENCY 11,KANAAL,WEGWIJZER,CAMPING,3MOTION,12/07/2017,
650,,SN-650_L1000-B1000,RECEPTION CREW/SUPPLIERS,KANAAL,WEGWIJZER,CAMPING,3MOTION,12/07/2017,
651,,SN-651_L3200-B2200,WELCOME ARTISTS,BACHE,,BUITEN,WOLLUX,13/07/2017,
652,,SN-652_L3400-B1700,ALCATRAZ LANDING,BACHE,HERAS,CAMPING,WOLLUX,13/07/2017,
653,,SN-653_L3400-B1700,ALCATRAZ LANDING,BACHE,HERAS,CAMPING,WOLLUX,13/07/2017,
654,,SN-654_L3400-B1700,ALCATRAZ LANDING,BACHE,HERAS,CAMPING,WOLLUX,13/07/2017,
655,,SN-655_L3400-B1700,WELCOME EAGLES PLAZA,BACHE,HERAS,CAMPING,WOLLUX,13/07/2017,
656,,SN-656_L1050-B2500,ENTRANCE ARROWS,BACHE,,CAMPING,WOLLUX,13/07/2017,
657,,SN-657_L1050-B800,CLUSTER 1,BACHE,,CAMPING,WOLLUX,13/07/2017,
658,,SN-658_L1050-B800,CLUSTER 2,BACHE,,CAMPING,WOLLUX,13/07/2017,
659,,SN-659_L1050-B800,CLUSTER 3,BACHE,,CAMPING,WOLLUX,13/07/2017,
660,,SN-660_L1050-B800,CLUSTER 4,BACHE,,CAMPING,WOLLUX,13/07/2017,
661,,SN-661_L1050-B800,CLUSTER 5,BACHE,,CAMPING,WOLLUX,13/07/2017,
662,,SN-662_L1050-B800,CLUSTER 6,BACHE,,CAMPING,WOLLUX,13/07/2017,
663,,SN-663_L1050-B800,CLUSTER 7,BACHE,,CAMPING,WOLLUX,13/07/2017,
664,,SN-664_L1050-B800,CLUSTER 8,BACHE,,CAMPING,WOLLUX,13/07/2017,
665,,SN-665_L1050-B800,CLUSTER 9,BACHE,,CAMPING,WOLLUX,13/07/2017,
666,,SN-666_L1050-B800,CLUSTER 10,BACHE,,CAMPING,WOLLUX,13/07/2017,
667,,SN-667_L1050-B800,CLUSTER 11,BACHE,,CAMPING,WOLLUX,13/07/2017,
668,,SN-668_L1050-B800,CLUSTER 12,BACHE,,CAMPING,WOLLUX,13/07/2017,
669,,SN-669_L1050-B800,TRASH + FIRE DOWN,BACHE,,CAMPING,WOLLUX,13/07/2017,
670,,SN-670_L1050-B800,TRASH + FIRE DOWN,BACHE,,CAMPING,WOLLUX,13/07/2017,
671,,SN-671_L1050-B800,TRASH + FIRE DOWN,BACHE,,CAMPING,WOLLUX,13/07/2017,
672,,SN-672_L1050-B800,TRASH + FIRE DOWN,BACHE,,CAMPING,WOLLUX,13/07/2017,
673,,SN-673_L1050-B800,TRASH + FIRE DOWN,BACHE,,CAMPING,WOLLUX,13/07/2017,
674,,SN-674_L1050-B800,TRASH + FIRE DOWN,BACHE,,CAMPING,WOLLUX,13/07/2017,
675,,SN-675_L1050-B800,TRASH + FIRE DOWN,BACHE,,CAMPING,WOLLUX,13/07/2017,
676,,SN-676_L1050-B800,TRASH + FIRE DOWN,BACHE,,CAMPING,WOLLUX,13/07/2017,
677,,SN-677_L1050-B800,TRASH + FIRE DOWN,BACHE,,CAMPING,WOLLUX,13/07/2017,
678,,SN-678_L1050-B800,TRASH + FIRE DOWN,BACHE,,CAMPING,WOLLUX,13/07/2017,
679,,SN-679_L1050-B800,TRASH + FIRE DOWN,BACHE,,CAMPING,WOLLUX,13/07/2017,
680,,SN-680_L1050-B800,TRASH + FIRE DOWN,BACHE,,CAMPING,WOLLUX,13/07/2017,
681,,SN-681_L1050-B800,EXIT UP,BACHE,,EXIT,WOLLUX,13/07/2017,
682,,SN-682_L1050-B800,EXIT LEFT,BACHE,,EXIT,WOLLUX,13/07/2017,
683,,SN-683_L1050-B800,EXIT LEFT,BACHE,,EXIT,WOLLUX,13/07/2017,
684,,SN-684_L1050-B800,EXIT LEFT,BACHE,,EXIT,WOLLUX,13/07/2017,
685,,SN-685_L1050-B800,EXIT LEFT,BACHE,,EXIT,WOLLUX,13/07/2017,
686,,SN-686_L1050-B800,EXIT LEFT,BACHE,,EXIT,WOLLUX,13/07/2017,
687,,SN-687_L1050-B800,EXIT RIGHT,BACHE,,EXIT,WOLLUX,13/07/2017,
688,,SN-688_L1050-B800,EXIT RIGHT,BACHE,,EXIT,WOLLUX,13/07/2017,
689,,SN-689_L1050-B800,EXIT RIGHT,BACHE,,EXIT,WOLLUX,13/07/2017,
690,,SN-690_L1050-B800,EXIT RIGHT,BACHE,,EXIT,WOLLUX,13/07/2017,
691,,SN-691_L1050-B800,SHOWERS TOILETS LEFT,BACHE,,CAMPING,WOLLUX,13/07/2017,
692,,SN-692_L1050-B800,SHOWERS TOILETS LEFT,BACHE,,CAMPING,WOLLUX,13/07/2017,
693,,SN-693_L1050-B800,SHOWERS TOILETS RIGHT,BACHE,,CAMPING,WOLLUX,13/07/2017,
694,,SN-694_L3400-B1700,VIP XL PICKUP POINT,BACHE,HERAS,INGANG,WOLLUX,19/07/2017,
695,,SN-695_L1050-B2500,KEYCHAIN PICKUP + BOBBLE SALES,BACHE,,SITE,WOLLUX,19/07/2017,
696,,SN-696_L1000-B1000,VIP XL SHUTTLE,KANAAL,,INGANG,3MOTION,19/07/2017,
697,,SN-697_L1000-B1000,VIP XL SHUTTLE,KANAAL,,INGANG,3MOTION,19/07/2017,
698,,SN-698_L297-B420,SHUTTLE TIMETABLE,KANAAL,,INGANG,3MOTION,19/07/2017,
699,,SN-699_L297-B420,SHUTTLE TIMETABLE,KANAAL,,INGANG,3MOTION,19/07/2017,
700,,SN-700_L297-B420,SHUTTLE TIMETABLE,KANAAL,,INGANG,3MOTION,19/07/2017,
701,,SN-701_L297-B420,SHUTTLE TIMETABLE,KANAAL,,INGANG,3MOTION,19/07/2017,
702,,SN-702_L297-B420,SHUTTLE TIMETABLE,KANAAL,,INGANG,3MOTION,19/07/2017,
703,,SN-703_L14840-B2800,LANDING INSIDE BANNER,BACHE,,CAMPING,WOLLUX,19/07/2017,
704,,SN-704_L14840-B2800,LANDING INSIDE BANNER,BACHE,,CAMPING,WOLLUX,19/07/2017,
705,,SN-705_L14840-B2800,LANDING INSIDE BANNER,BACHE,,CAMPING,WOLLUX,19/07/2017,
706,,SN-706_L2348-B2385,CONTAINER KORTRIJK LEFT,BACHE,,CONTAINER,WOLLUX,25/07/2017,
707,,SN-707_L5900-B2385,CONTAINER KORTRIJK CENTER,BACHE,,CONTAINER,WOLLUX,25/07/2017,
708,,SN-708_L2348-B2385,CONTAINER KORTRIJK RIGHT,BACHE,,CONTAINER,WOLLUX,25/07/2017,
709,,SN-709_L1050-B2500,LOST&FOUND + RT SHIRT + WIN,BACHE,,SITE,WOLLUX,25/07/2017,
710,,SN-710_L6400-B700,COINS CONTAINER,BACHE,,KASSA,WOLLUX,25/07/2017,
711,,SN-711_L6400-B700,COINS CONTAINER,BACHE,,KASSA,WOLLUX,25/07/2017,
712,,SN-712_L6400-B700,COINS CONTAINER,BACHE,,KASSA,WOLLUX,25/07/2017,
713,,SN-713_L6400-B700,TICKETS CONTAINER,BACHE,,KASSA,WOLLUX,25/07/2017,
714,,SN-714_L6400-B700,CANAL METAL CONTAINER,BACHE,,CONTAINER,WOLLUX,25/07/2017,
715,,SN-715_L800-B200,KASSA CARDS ONLY,KANAAL,,KASSA,3MOTION,31/07/2017,
716,,SN-716_L800-B200,KASSA CARDS ONLY,KANAAL,,KASSA,3MOTION,31/07/2017,
717,,SN-717_L800-B200,KASSA CARDS ONLY,KANAAL,,KASSA,3MOTION,31/07/2017,
718,,SN-718_L800-B200,KASSA CARDS ONLY,KANAAL,,KASSA,3MOTION,31/07/2017,
719,,SN-719_L800-B200,KASSA CASH&CARDS,KANAAL,,KASSA,3MOTION,31/07/2017,
720,,SN-720_L800-B200,KASSA CASH&CARDS,KANAAL,,KASSA,3MOTION,31/07/2017,
721,,SN-721_L800-B200,KASSA CASH&CARDS,KANAAL,,KASSA,3MOTION,31/07/2017,
722,,SN-722_L800-B200,KASSA CASH&CARDS,KANAAL,,KASSA,3MOTION,31/07/2017,
723,,SN-723_L800-B200,KASSA CASH ONLY,KANAAL,,KASSA,3MOTION,31/07/2017,
724,,SN-724_L800-B200,KASSA CASH ONLY,KANAAL,,KASSA,3MOTION,31/07/2017,
725,,SN-725_L800-B200,KASSA CASH ONLY,KANAAL,,KASSA,3MOTION,31/07/2017,
726,,SN-726_L800-B200,KASSA CASH ONLY,KANAAL,,KASSA,3MOTION,31/07/2017,
727,,SN-727_L800-B200,KASSA CASH ONLY,KANAAL,,KASSA,3MOTION,31/07/2017,
728,,SN-728_L800-B200,KASSA CASH ONLY,KANAAL,,KASSA,3MOTION,31/07/2017,
729,,SN-729_L800-B200,KASSA CASH ONLY,KANAAL,,KASSA,3MOTION,31/07/2017,
730,,SN-730_L800-B200,KASSA CASH ONLY,KANAAL,,KASSA,3MOTION,31/07/2017,
731,,SN-731_L3400-B1700,PRISON GROUNDS,BACHE,HERAS,SITE,QUADRIFINISH,25/07/2017,
732,,SN-732_L3400-B1700,PRISON GROUNDS,BACHE,HERAS,SITE,QUADRIFINISH,25/07/2017,
733,,SN-733_L3400-B1700,PRISON GROUNDS,BACHE,HERAS,SITE,QUADRIFINISH,25/07/2017,
734,,SN-734_L3400-B1700,PRISON GROUNDS,BACHE,HERAS,SITE,QUADRIFINISH,25/07/2017,
735,,SN-735_L3400-B1700,PHOTO TT - AVANTASIA,BACHE,HERAS,SITE,QUADRIFINISH,25/07/2017,
736,,SN-736_L3400-B1700,PHOTO TT - AVATAR,BACHE,HERAS,SITE,QUADRIFINISH,25/07/2017,
737,,SN-737_L3400-B1700,PHOTO TT - MINISTRY,BACHE,HERAS,SITE,QUADRIFINISH,25/07/2017,
738,,SN-738_L3400-B1700,PHOTO TT - SOULFLY,BACHE,HERAS,SITE,QUADRIFINISH,25/07/2017,
739,,SN-739_L3400-B1700,PHOTO TT - TWISTED SISTER,BACHE,HERAS,SITE,QUADRIFINISH,25/07/2017,
740,,SN-740_L3400-B1700,PHOTO TT - TWISTED SISTER,BACHE,HERAS,SITE,QUADRIFINISH,25/07/2017,
741,,SN-741_L3400-B1700,PHOTO TT - TWISTED SISTER,BACHE,HERAS,SITE,QUADRIFINISH,25/07/2017,
742,,SN-742_L3400-B1700,PHOTO TT - TWISTED SISTER,BACHE,HERAS,SITE,QUADRIFINISH,25/07/2017,
743,,SN-743_L3400-B1700,PHOTO TT - TWISTED SISTER,BACHE,HERAS,SITE,QUADRIFINISH,25/07/2017,
744,,SN-744_L3400-B1700,PHOTO TT - TWISTED SISTER,BACHE,HERAS,SITE,QUADRIFINISH,25/07/2017,
745,,SN-745_L3400-B1700,PHOTO TT - TWISTED SISTER,BACHE,HERAS,SITE,QUADRIFINISH,25/07/2017,
746,,SN-746_L3400-B1700,PHOTO TT - WHITESNAKE,BACHE,HERAS,SITE,QUADRIFINISH,25/07/2017,
747,,SN-747_L3400-B1700,PHOTO TT - WHITESNAKE,BACHE,HERAS,SITE,QUADRIFINISH,25/07/2017,
748,,SN-748_L3400-B1700,PHOTO TT - WITHIN TEMPTATION,BACHE,HERAS,SITE,QUADRIFINISH,25/07/2017,
749,,SN-749_L3400-B1700,PHOTO HVH 1,BACHE,HERAS,SITE,QUADRIFINISH,25/07/2017,
750,,SN-750_L3400-B1700,PHOTO HVH 2,BACHE,HERAS,SITE,QUADRIFINISH,25/07/2017,
751,,SN-751_L3400-B1700,PHOTO HVH 3,BACHE,HERAS,SITE,QUADRIFINISH,25/07/2017,
752,,SN-752_L3400-B1700,PHOTO HVH 4,BACHE,HERAS,SITE,QUADRIFINISH,25/07/2017,
753,,SN-753_L3400-B1700,PHOTO HVH 5,BACHE,HERAS,SITE,QUADRIFINISH,25/07/2017,
754,,SN-754_L3400-B1700,PHOTO HVH 6,BACHE,HERAS,SITE,QUADRIFINISH,25/07/2017,
755,,SN-755_L3400-B1700,PHOTO HVH 7,BACHE,HERAS,SITE,QUADRIFINISH,25/07/2017,
756,,SN-756_L3400-B1700,PHOTO HVH 8,BACHE,HERAS,SITE,QUADRIFINISH,25/07/2017,
757,,SN-757_L3400-B1700,PHOTO HVH 9,BACHE,HERAS,SITE,QUADRIFINISH,25/07/2017,
758,,SN-758_L3400-B1700,PHOTO HVH 10,BACHE,HERAS,SITE,QUADRIFINISH,25/07/2017,
759,,SN-759_L3400-B1700,PHOTO HVH 11,BACHE,HERAS,SITE,QUADRIFINISH,25/07/2017,
760,,SN-760_L3400-B1700,PHOTO HVH 12,BACHE,HERAS,SITE,QUADRIFINISH,25/07/2017,
761,,SN-761_L3400-B1700,PHOTO HVH 13,BACHE,HERAS,SITE,QUADRIFINISH,25/07/2017,
762,,SN-762_L3400-B1700,PHOTO HVH 14,BACHE,HERAS,SITE,QUADRIFINISH,25/07/2017,
763,,SN-763_L2012-B1440,VIP A,BACHE,,VIP,WOLLUX,27/07/2017,
764,,SN-764_L9434-B3940,VIP B,BACHE,,VIP,WOLLUX,27/07/2017,
765,,SN-765_L2878-B1440,VIP C,BACHE,,VIP,WOLLUX,27/07/2017,
766,,SN-766_L6326-B3940,VIP D,BACHE,,VIP,WOLLUX,27/07/2017,
767,,SN-767_L2878-B1440,VIP E,BACHE,,VIP,WOLLUX,27/07/2017,
768,,SN-768_L9434-B3940,VIP F,BACHE,,VIP,WOLLUX,27/07/2017,
769,,SN-769_L12542-B3940,VIP SIDE,BACHE,,VIP,WOLLUX,27/07/2017,
770,,SN-770_L800-B600,VIP RESTO HOURS,KANAAL,,VIP,3MOTION,31/07/2017,
771,,SN-771_L1000-B700,PRESS ZONE,KANAAL,,VIP,3MOTION,31/07/2017,
772,,SN-772_L297-B420,SHUTTLE HOURS,KANAAL,,INGANG,3MOTION,31/07/2017,
773,,SN-773_L297-B420,SHUTTLE HOURS,KANAAL,,INGANG,3MOTION,31/07/2017,
774,,SN-774_L297-B420,SHUTTLE HOURS,KANAAL,,INGANG,3MOTION,31/07/2017,
775,,SN-775_L420-B297,CHILL OUT ZONE LEFT,KANAAL,,CAMPING,3MOTION,31/07/2017,
776,,SN-776_L420-B297,CHILL OUT ZONE LEFT,KANAAL,,CAMPING,3MOTION,31/07/2017,
777,,SN-777_L420-B297,CHILL OUT ZONE LEFT,KANAAL,,CAMPING,3MOTION,31/07/2017,
778,,SN-778_L420-B297,CHILL OUT ZONE RIGHT,KANAAL,,CAMPING,3MOTION,31/07/2017,
779,,SN-779_L420-B297,CHILL OUT ZONE RIGHT,KANAAL,,CAMPING,3MOTION,31/07/2017,
780,,SN-780_L420-B297,CHILL OUT ZONE RIGHT,KANAAL,,CAMPING,3MOTION,31/07/2017,
781,,SN-781_L1200-B200,CREW LEFT,KANAAL,WEGWIJZER,BUITEN,3MOTION,31/07/2017,
782,,SN-782_L1200-B200,CREW LEFT,KANAAL,WEGWIJZER,BUITEN,3MOTION,31/07/2017,
783,,SN-783_L1200-B200,CREW LEFT,KANAAL,WEGWIJZER,BUITEN,3MOTION,31/07/2017,
784,,SN-784_L1200-B200,CREW LEFT,KANAAL,WEGWIJZER,BUITEN,3MOTION,31/07/2017,
785,,SN-785_L1200-B200,CREW LEFT,KANAAL,WEGWIJZER,BUITEN,3MOTION,31/07/2017,
786,,SN-786_L1200-B200,CREW LEFT,KANAAL,WEGWIJZER,BUITEN,3MOTION,31/07/2017,
787,,SN-787_L1200-B200,CREW LEFT,KANAAL,WEGWIJZER,BUITEN,3MOTION,31/07/2017,
788,,SN-788_L1200-B200,CREW LEFT,KANAAL,WEGWIJZER,BUITEN,3MOTION,31/07/2017,
789,,SN-789_L1200-B200,CREW LEFT,KANAAL,WEGWIJZER,BUITEN,3MOTION,31/07/2017,
790,,SN-790_L1200-B200,CREW LEFT,KANAAL,WEGWIJZER,BUITEN,3MOTION,31/07/2017,
791,,SN-791_L1200-B200,CREW LEFT,KANAAL,WEGWIJZER,BUITEN,3MOTION,31/07/2017,
792,,SN-792_L1200-B200,CREW LEFT,KANAAL,WEGWIJZER,BUITEN,3MOTION,31/07/2017,
793,,SN-793_L1200-B200,CREW LEFT,KANAAL,WEGWIJZER,BUITEN,3MOTION,31/07/2017,
794,,SN-794_L1200-B200,CREW LEFT,KANAAL,WEGWIJZER,BUITEN,3MOTION,31/07/2017,
795,,SN-795_L1200-B200,CREW LEFT,KANAAL,WEGWIJZER,BUITEN,3MOTION,31/07/2017,
796,,SN-796_L1200-B200,CREW RIGHT,KANAAL,WEGWIJZER,BUITEN,3MOTION,31/07/2017,
797,,SN-797_L1200-B200,CREW RIGHT,KANAAL,WEGWIJZER,BUITEN,3MOTION,31/07/2017,
798,,SN-798_L1200-B200,CREW RIGHT,KANAAL,WEGWIJZER,BUITEN,3MOTION,31/07/2017,
799,,SN-799_L1200-B200,CREW RIGHT,KANAAL,WEGWIJZER,BUITEN,3MOTION,31/07/2017,
800,,SN-800_L1200-B200,CREW RIGHT,KANAAL,WEGWIJZER,BUITEN,3MOTION,31/07/2017,
801,,SN-801_L1200-B200,CREW RIGHT,KANAAL,WEGWIJZER,BUITEN,3MOTION,31/07/2017,
802,,SN-802_L1200-B200,CREW RIGHT,KANAAL,WEGWIJZER,BUITEN,3MOTION,31/07/2017,
803,,SN-803_L1200-B200,CREW RIGHT,KANAAL,WEGWIJZER,BUITEN,3MOTION,31/07/2017,
804,,SN-804_L1200-B200,CREW RIGHT,KANAAL,WEGWIJZER,BUITEN,3MOTION,31/07/2017,
805,,SN-805_L1200-B200,CREW RIGHT,KANAAL,WEGWIJZER,BUITEN,3MOTION,31/07/2017,
806,,SN-806_L1200-B200,CREW RIGHT,KANAAL,WEGWIJZER,BUITEN,3MOTION,31/07/2017,
807,,SN-807_L1200-B200,CREW RIGHT,KANAAL,WEGWIJZER,BUITEN,3MOTION,31/07/2017,
808,,SN-808_L1200-B200,CREW RIGHT,KANAAL,WEGWIJZER,BUITEN,3MOTION,31/07/2017,
809,,SN-809_L1200-B200,CREW RIGHT,KANAAL,WEGWIJZER,BUITEN,3MOTION,31/07/2017,
810,,SN-810_L1200-B200,CREW RIGHT,KANAAL,WEGWIJZER,BUITEN,3MOTION,31/07/2017,
811,,SN-811_L420-B297,CAMPING DRINKS,KANAAL,,CAMPING,3MOTION,31/07/2017,
812,,SN-812_L420-B297,CAMPING DRINKS,KANAAL,,CAMPING,3MOTION,31/07/2017,
813,,SN-813_L420-B297,CAMPING DRINKS,KANAAL,,CAMPING,3MOTION,31/07/2017,
814,,SN-814_L420-B297,CAMPING DRINKS,KANAAL,,CAMPING,3MOTION,31/07/2017,
815,,SN-815_L420-B297,CAMPING DRINKS,KANAAL,,CAMPING,3MOTION,31/07/2017,
816,,SN-816_L17700-B1000,DRINKS BELOW VIP DECK,BACHE,,FOOD & DRINKS,3MOTION,31/07/2017,
817,,SN-817_L17700-B1000,DRINKS BELOW VIP DECK,BACHE,,FOOD & DRINKS,3MOTION,31/07/2017,
818,,SN-818_L600-B800,DRINKS FIELD,KANAAL,,FOOD & DRINKS,3MOTION,31/07/2017,
819,,SN-819_L600-B800,DRINKS FIELD,KANAAL,,FOOD & DRINKS,3MOTION,31/07/2017,
820,,SN-820_L600-B800,DRINKS FIELD,KANAAL,,FOOD & DRINKS,3MOTION,31/07/2017,
821,,SN-821_L600-B800,DRINKS FIELD,KANAAL,,FOOD & DRINKS,3MOTION,31/07/2017,
822,,SN-822_L600-B800,DRINKS FIELD,KANAAL,,FOOD & DRINKS,3MOTION,31/07/2017,
823,,SN-823_L600-B800,DRINKS FIELD,KANAAL,,FOOD & DRINKS,3MOTION,31/07/2017,
824,,SN-824_L600-B800,DRINKS FIELD,KANAAL,,FOOD & DRINKS,3MOTION,31/07/2017,
825,,SN-825_L600-B800,DRINKS FIELD,KANAAL,,FOOD & DRINKS,3MOTION,31/07/2017,
826,,SN-826_L600-B800,DRINKS FIELD,KANAAL,,FOOD & DRINKS,3MOTION,31/07/2017,
827,,SN-827_L600-B800,DRINKS FIELD,KANAAL,,FOOD & DRINKS,3MOTION,31/07/2017,
828,,SN-828_L600-B800,DRINKS FIELD,KANAAL,,FOOD & DRINKS,3MOTION,31/07/2017,
829,,SN-829_L600-B800,DRINKS FIELD,KANAAL,,FOOD & DRINKS,3MOTION,31/07/2017,
830,,SN-830_L600-B800,DRINKS FIELD,KANAAL,,FOOD & DRINKS,3MOTION,31/07/2017,
831,,SN-831_L600-B800,DRINKS FIELD,KANAAL,,FOOD & DRINKS,3MOTION,31/07/2017,
832,,SN-832_L600-B800,DRINKS FIELD,KANAAL,,FOOD & DRINKS,3MOTION,31/07/2017,
833,,SN-833_L600-B800,DRINKS FIELD,KANAAL,,FOOD & DRINKS,3MOTION,31/07/2017,
834,,SN-834_L600-B800,DRINKS FIELD,KANAAL,,FOOD & DRINKS,3MOTION,31/07/2017,
835,,SN-835_L600-B800,DRINKS FIELD,KANAAL,,FOOD & DRINKS,3MOTION,31/07/2017,
836,,SN-836_L600-B800,DRINKS FIELD,KANAAL,,FOOD & DRINKS,3MOTION,31/07/2017,
837,,SN-837_L600-B800,DRINKS FIELD,KANAAL,,FOOD & DRINKS,3MOTION,31/07/2017,
838,,SN-838_L600-B800,DRINKS VIP,KANAAL,,VIP,3MOTION,31/07/2017,
839,,SN-839_L600-B800,DRINKS VIP,KANAAL,,VIP,3MOTION,31/07/2017,
840,,SN-840_L600-B800,DRINKS VIP,KANAAL,,VIP,3MOTION,31/07/2017,
841,,SN-841_L600-B800,DRINKS VIP,KANAAL,,VIP,3MOTION,31/07/2017,
842,,SN-842_L600-B800,DRINKS VIP,KANAAL,,VIP,3MOTION,31/07/2017,
843,,SN-843_L600-B800,DRINKS VIP,KANAAL,,VIP,3MOTION,31/07/2017,
844,,SN-844_L600-B800,DRINKS VIP,KANAAL,,VIP,3MOTION,31/07/2017,
845,,SN-845_L600-B800,DRINKS VIP,KANAAL,,VIP,3MOTION,31/07/2017,
846,,SN-846_L600-B800,DRINKS EL PRESIDIO,KANAAL,,EL PRESIDIO,3MOTION,31/07/2017,
847,,SN-847_L600-B800,DRINKS EL PRESIDIO,KANAAL,,EL PRESIDIO,3MOTION,31/07/2017,
848,,SN-848_L600-B800,DRINKS EL PRESIDIO,KANAAL,,EL PRESIDIO,3MOTION,31/07/2017,
849,,SN-849_L600-B800,DRINKS EL PRESIDIO,KANAAL,,EL PRESIDIO,3MOTION,31/07/2017,
850,,SN-850_L800-B1000,PLEASE BE QUIET,KANAAL,,BUITEN,3MOTION,1/08/2017,
851,,SN-851_L800-B1000,PLEASE BE QUIET,KANAAL,,BUITEN,3MOTION,1/08/2017,
852,,SN-852_L800-B1000,PLEASE BE QUIET,KANAAL,,BUITEN,3MOTION,1/08/2017,
853,,SN-853_L800-B1000,PLEASE BE QUIET,KANAAL,,BUITEN,3MOTION,1/08/2017,
854,,SN-854_L800-B1000,PLEASE BE QUIET,KANAAL,,BUITEN,3MOTION,1/08/2017,
855,,SN-855_L800-B1000,PLEASE BE QUIET,KANAAL,,BUITEN,3MOTION,1/08/2017,
856,,SN-856_L800-B1000,PLEASE BE QUIET,KANAAL,,BUITEN,3MOTION,1/08/2017,
857,,SN-857_L800-B1000,PLEASE BE QUIET,KANAAL,,BUITEN,3MOTION,1/08/2017,
858,,SN-858_L800-B1000,PLEASE BE QUIET,KANAAL,,BUITEN,3MOTION,1/08/2017,
859,,SN-859_L800-B1000,PLEASE BE QUIET,KANAAL,,BUITEN,3MOTION,1/08/2017,
860,,SN-860_L800-B1000,PLEASE BE QUIET,KANAAL,,BUITEN,3MOTION,1/08/2017,
861,,SN-861_L800-B1000,PLEASE BE QUIET,KANAAL,,BUITEN,3MOTION,1/08/2017,
862,,SN-862_L800-B1000,PLEASE BE QUIET,KANAAL,,BUITEN,3MOTION,1/08/2017,
863,,SN-863_L800-B1000,PLEASE BE QUIET,KANAAL,,BUITEN,3MOTION,1/08/2017,
864,,SN-864_L800-B1000,PLEASE BE QUIET,KANAAL,,BUITEN,3MOTION,1/08/2017,
865,,SN-865_L800-B1000,PLEASE BE QUIET,KANAAL,,BUITEN,3MOTION,1/08/2017,
866,,SN-866_L750-B1000,AFFICHE 2017 VIP,KANAAL,,VIP,3MOTION,7/08/2017,
867,,SN-867_L800-B400,ENTRY DAY TICKET,KANAAL,,INGANG,3MOTION,8/08/2017,
868,,SN-868_L800-B400,ENTRY DAY TICKET,KANAAL,,INGANG,3MOTION,8/08/2017,
869,,SN-869_L800-B400,ENTRY DAY TICKET,KANAAL,,INGANG,3MOTION,8/08/2017,
870,,SN-870_L800-B400,ENTRY DAY TICKET,KANAAL,,INGANG,3MOTION,8/08/2017,
871,,SN-871_L800-B400,ENTRY COMBI TICKET,KANAAL,,INGANG,3MOTION,8/08/2017,
872,,SN-872_L800-B400,ENTRY COMBI TICKET,KANAAL,,INGANG,3MOTION,8/08/2017,
873,,SN-873_L800-B400,ENTRY COMBI TICKET,KANAAL,,INGANG,3MOTION,8/08/2017,
874,,SN-874_L800-B400,ENTRY COMBI TICKET,KANAAL,,INGANG,3MOTION,8/08/2017,
875,,SN-875_L800-B400,BUURTBEWONERS  E-ID VERPLICHT,KANAAL,,INGANG,3MOTION,8/08/2017,
876,,SN-876_L800-B400,BUURTBEWONERS  E-ID VERPLICHT,KANAAL,,INGANG,3MOTION,8/08/2017,
877,,SN-877_L800-B400,BUURTBEWONERS  E-ID VERPLICHT,KANAAL,,INGANG,3MOTION,8/08/2017,
878,,SN-878_L800-B400,BUURTBEWONERS  E-ID VERPLICHT,KANAAL,,INGANG,3MOTION,8/08/2017,
879,,SN-879_L1000-B800,BUURTBEWONERS  E-ID VERPLICHT,KANAAL,,INGANG,3MOTION,8/08/2017,
880,,SN-880_L1000-B800,BUURTBEWONERS  E-ID VERPLICHT,KANAAL,,INGANG,3MOTION,8/08/2017,
881,,SN-881_L420-B297,MAX CAPACITY 450 PEOPLE,KANAAL,,EL PRESIDIO,3MOTION,8/08/2017,
882,,SN-882_L420-B297,MAX CAPACITY 450 PEOPLE,KANAAL,,EL PRESIDIO,3MOTION,8/08/2017,
883,,SN-883_L420-B297,MAX CAPACITY 450 PEOPLE,KANAAL,,EL PRESIDIO,3MOTION,8/08/2017,
884,,SN-884_L420-B297,NO PROFESSIONAL PHOTOGRAPHY,KANAAL,,PODIUM PRISON,3MOTION,8/08/2017,
885,,SN-885_L420-B297,NO PROFESSIONAL PHOTOGRAPHY,KANAAL,,PODIUM PRISON,3MOTION,8/08/2017,
886,,SN-886_L420-B297,NO PROFESSIONAL PHOTOGRAPHY,KANAAL,,PODIUM PRISON,3MOTION,8/08/2017,
887,,SN-887_L400-B600,NO CROWDSURFING,KANAAL,,PODIUM PRISON,3MOTION,8/08/2017,
888,,SN-888_L400-B600,NO CROWDSURFING,KANAAL,,PODIUM PRISON,3MOTION,8/08/2017,
889,,SN-889_L400-B600,NO CROWDSURFING,KANAAL,,PODIUM PRISON,3MOTION,8/08/2017,
890,,SN-890_L400-B600,NO CROWDSURFING,KANAAL,,PODIUM PRISON,3MOTION,8/08/2017,